id,name,membership
1,Tuckie,VIP
2,Byran,Silver
3,Rochester,Premium
4,Samson,Silver
5,Meredith,Elite
6,Nyssa,Elite
7,Dominique,Silver
8,Lainey,Gold
9,Bethena,VIP
10,Albie,VIP
11,Benyamin,Gold
12,Salli,Silver
13,Jean,Premium
14,Branden,Gold
15,Alexina,Silver
16,Giffie,Silver
17,Cristina,Gold
18,Wilmar,Premium
19,Marne,Silver
20,Jesus,VIP
21,Yancey,Premium
22,Jordanna,VIP
23,Miriam,Premium
24,Lenard,Elite
25,Dael,Elite
26,Cristionna,Elite
27,Emmett,VIP
28,Trenna,Silver
29,Farr,Elite
30,Germain,Premium
31,Jakie,Premium
32,Nollie,Gold
33,Nerty,Silver
34,Cathy,Elite
35,Eward,Premium
36,Kim,VIP
37,Glynn,VIP
38,Edwin,Silver
39,Rudolf,Premium
40,Quentin,Premium
41,Sean,Elite
42,Barbra,Elite
43,Freddi,Gold
44,Thane,Gold
45,Tracee,Silver
46,Ulrikaumeko,Silver
47,Sim,VIP
48,West,Silver
49,Miguela,Gold
50,Genovera,Premium
51,Sharla,Silver
52,Allina,VIP
53,Emmy,Premium
54,Pat,Premium
55,Trudie,Silver
56,Lilas,Elite
57,Luisa,Silver
58,Bartolemo,Elite
59,Wallie,Elite
60,Agnese,Silver
61,Keene,Premium
62,Miltie,Silver
63,Skipper,Gold
64,Katine,Elite
65,Fayth,Elite
66,Alane,VIP
67,Remington,Silver
68,Dorella,Elite
69,Gray,Silver
70,Ingunna,Silver
71,Nancee,Gold
72,Benny,Gold
73,Darice,Silver
74,Tate,VIP
75,Alanah,VIP
76,Rusty,Elite
77,Carney,Elite
78,Peyter,VIP
79,Giuditta,VIP
80,Robbert,VIP
81,Audrye,VIP
82,Hill,Gold
83,Minerva,Silver
84,Philippa,Gold
85,Guinevere,VIP
86,Eustacia,Gold
87,Barri,Premium
88,Bobette,Elite
89,Farley,Gold
90,Knox,Gold
91,Zackariah,VIP
92,Ki,VIP
93,Thornie,VIP
94,Gustave,Silver
95,Kile,VIP
96,Rogers,Gold
97,Gunther,Premium
98,Bjorn,VIP
99,Iain,Elite
100,Timothea,Silver
101,Katee,Silver
102,Quentin,Elite
103,Mallorie,Gold
104,Jori,VIP
105,Finlay,VIP
106,Gerrard,VIP
107,Karmen,Premium
108,Candy,Gold
109,Arlee,Silver
110,Helenka,Gold
111,Jules,Gold
112,Violante,VIP
113,Riordan,Elite
114,Eugene,Silver
115,Erena,VIP
116,Kimberlyn,Elite
117,Wade,Silver
118,Bron,VIP
119,Melly,Premium
120,Else,VIP
121,Morie,Premium
122,Julie,Silver
123,Fielding,Silver
124,Cariotta,VIP
125,Mae,Elite
126,Meghann,Premium
127,Jordan,Silver
128,Daisy,Elite
129,Mikaela,Elite
130,Carlynn,Elite
131,Dion,Silver
132,Bernardine,VIP
133,Bertha,Silver
134,Joseph,Premium
135,Boyce,Elite
136,Selena,Gold
137,Jobi,Silver
138,Maurice,VIP
139,Dedie,Gold
140,Lyndsay,Premium
141,Nichole,Gold
142,Ashli,Elite
143,Cherin,VIP
144,Nicolis,Premium
145,Jonis,VIP
146,Nealson,VIP
147,Zuzana,VIP
148,Steffie,Elite
149,Ky,Silver
150,Kent,Gold
151,Ingra,VIP
152,Papageno,VIP
153,Sibelle,VIP
154,Moyna,Premium
155,Valene,Elite
156,Cyndia,Premium
157,Claudius,Gold
158,Rodney,Elite
159,Corrie,Silver
160,Carma,Elite
161,Chrystal,Premium
162,Daphna,Premium
163,Webb,Elite
164,Marris,Premium
165,Catlaina,Premium
166,Cris,Silver
167,Hamel,VIP
168,Fidelio,VIP
169,Cornell,Gold
170,Omar,Silver
171,Vincent,Elite
172,Kelly,Elite
173,Joelly,Gold
174,Tedie,Silver
175,Pattin,Silver
176,Cleo,Silver
177,Tally,Gold
178,Fransisco,Elite
179,Madalena,Elite
180,Paulina,Elite
181,Hallie,Premium
182,Karisa,Elite
183,Chrotoem,VIP
184,Muriel,Gold
185,Bronson,VIP
186,Annnora,Elite
187,Shara,VIP
188,Adah,Gold
189,Corenda,Gold
190,Raimundo,VIP
191,Garner,Premium
192,Rob,VIP
193,Kahlil,Elite
194,Aurelia,Gold
195,Kathe,Elite
196,Markos,Gold
197,Lorry,Gold
198,Wilmer,Gold
199,Adrea,Premium
200,Zena,Elite
201,Alvira,Silver
202,Archie,Silver
203,Merrily,VIP
204,Hannis,Silver
205,Duane,Elite
206,Hort,Silver
207,Ashly,Silver
208,Ilsa,Gold
209,Rochester,Silver
210,Caresse,VIP
211,Sibby,VIP
212,Orlan,Silver
213,Trixie,Elite
214,Gerald,Gold
215,Georgy,Gold
216,Jorge,Silver
217,Westbrook,Silver
218,Sammy,VIP
219,Edeline,Elite
220,Siobhan,Gold
221,Sofie,Premium
222,Fiorenze,Premium
223,Willard,Silver
224,Sidney,Premium
225,Nataniel,Gold
226,Trace,Silver
227,Abba,VIP
228,Eolanda,Elite
229,Monte,Premium
230,Sinclare,Premium
231,Robbie,Elite
232,Barb,VIP
233,Antonie,VIP
234,Inigo,Premium
235,Rebeka,Premium
236,Janet,Premium
237,Fairfax,VIP
238,Odele,Silver
239,Weider,Elite
240,Brandie,Elite
241,Pavla,Elite
242,Marion,Gold
243,Josias,Gold
244,Mitch,Premium
245,Seymour,Gold
246,Zacherie,Elite
247,Jaquith,VIP
248,Karlyn,VIP
249,Tandi,Premium
250,Mirabelle,VIP
251,Esteban,Premium
252,Astrid,Silver
253,Chrystel,VIP
254,Desdemona,Gold
255,Harriet,Premium
256,Deny,Silver
257,Bertrand,VIP
258,Glynis,VIP
259,Monroe,Elite
260,Colette,Gold
261,Rollo,Premium
262,Zandra,Gold
263,Way,Premium
264,Lynna,Silver
265,Bell,Silver
266,Abe,VIP
267,Adriano,Silver
268,Shane,Elite
269,Liana,Premium
270,Dominique,Elite
271,Vinnie,Elite
272,Lorain,Silver
273,Cyrille,Premium
274,Hortense,VIP
275,Clio,Silver
276,Ameline,Elite
277,Hollie,Premium
278,Parnell,Gold
279,Eleni,VIP
280,Donovan,VIP
281,Brande,Elite
282,Noe,Silver
283,Ban,VIP
284,Lonnie,Premium
285,Janette,Elite
286,Aarika,Elite
287,Brigitte,Gold
288,Donn,VIP
289,Henka,Elite
290,Carmelita,Elite
291,Joshua,Premium
292,Gabriello,Elite
293,Linoel,Gold
294,Tarrah,VIP
295,Joellyn,Gold
296,Rickie,Gold
297,Jori,Silver
298,Oralie,Gold
299,Niven,VIP
300,Kris,Premium
301,Lisbeth,Elite
302,Tiphani,Gold
303,Obie,Gold
304,Massimiliano,VIP
305,Koralle,Elite
306,Hector,Silver
307,Toma,Gold
308,Cos,Premium
309,Curcio,Silver
310,Gerik,Elite
311,Ragnar,VIP
312,Tanya,Silver
313,Abner,Gold
314,Mei,Premium
315,Forbes,Gold
316,Nike,Gold
317,Georgette,Premium
318,Meredeth,Gold
319,Martica,Gold
320,Hildagarde,Elite
321,Byrom,Premium
322,Leda,Gold
323,Loella,VIP
324,Maddi,Gold
325,Roberta,Silver
326,Silvio,Silver
327,Guglielmo,Silver
328,Son,VIP
329,Channa,Premium
330,Dion,VIP
331,Gerladina,Gold
332,Lilli,Gold
333,Garry,Premium
334,Meyer,Silver
335,Evin,Gold
336,Gradeigh,Elite
337,Marya,Elite
338,Juan,Premium
339,Dulcy,Silver
340,Sheree,Silver
341,Ephrayim,Elite
342,Gerianne,Gold
343,Garrek,Premium
344,Jo-ann,Premium
345,Kally,Silver
346,Ave,Gold
347,Alejoa,Premium
348,Ross,Silver
349,Madonna,Gold
350,Stevana,Gold
351,Berte,Elite
352,Barry,Silver
353,Nathalia,Premium
354,Ivar,Silver
355,Merrielle,Premium
356,Zebedee,VIP
357,Tillie,VIP
358,Coreen,Silver
359,Hill,VIP
360,Cathi,Elite
361,Chrissy,Premium
362,Veradis,Silver
363,Sheri,Premium
364,Carmella,Elite
365,Rosella,Premium
366,Clarke,Gold
367,Bryna,Silver
368,Isa,Elite
369,Masha,Elite
370,Thurston,Premium
371,Grove,VIP
372,Michaeline,Elite
373,Dede,VIP
374,Trace,Silver
375,Farah,Premium
376,Zora,Gold
377,Basilius,Elite
378,Gussy,Silver
379,Zorine,VIP
380,Adrian,Silver
381,Maible,Gold
382,Vonny,Silver
383,Dita,Silver
384,Merrel,VIP
385,Jaymee,Gold
386,Dicky,Gold
387,Angelita,Silver
388,Brianne,Silver
389,Tremaine,Elite
390,Yelena,Elite
391,Shannen,Gold
392,Dennis,Gold
393,Cecilla,Elite
394,Christiane,Premium
395,Aprilette,Silver
396,Frederick,Gold
397,Joanie,Premium
398,Babs,Premium
399,Adeline,Elite
400,Delia,Gold
401,Kaja,VIP
402,Robin,Elite
403,Worth,Silver
404,Tori,Silver
405,Arlee,Silver
406,Piotr,VIP
407,Carissa,Silver
408,Sandye,VIP
409,Lind,VIP
410,Ralina,Elite
411,Perla,Gold
412,Mollie,Silver
413,Loydie,Gold
414,Pattin,VIP
415,Giulietta,Silver
416,Kimmie,VIP
417,Dyane,VIP
418,Garrek,Silver
419,Nick,Elite
420,Anson,Silver
421,Antonino,Elite
422,Kenn,Silver
423,Xenia,Premium
424,Eldon,Elite
425,Marcy,Silver
426,Herold,Premium
427,Alyson,Elite
428,Davida,VIP
429,Jere,VIP
430,Donella,Elite
431,Mervin,Gold
432,Gibbie,Premium
433,Eliot,VIP
434,Jade,Elite
435,Norma,Premium
436,Urbanus,Premium
437,Frannie,Premium
438,Lin,Elite
439,Shena,Premium
440,Eryn,Silver
441,Jacquelyn,Gold
442,Franky,Elite
443,Thedrick,Elite
444,Junia,Premium
445,Louise,Premium
446,Ariella,Premium
447,Guglielma,VIP
448,Nataniel,Premium
449,Robbin,VIP
450,Loydie,Silver
451,Orly,Silver
452,Gilburt,VIP
453,Katee,Silver
454,Nowell,Elite
455,Stace,Gold
456,Rodrigo,Silver
457,Janice,Gold
458,Aryn,Premium
459,Shalne,Premium
460,Gaelan,Gold
461,Raimundo,VIP
462,Donelle,Elite
463,Alasteir,Silver
464,Uri,Gold
465,Mylo,VIP
466,Thomasin,Elite
467,Mara,VIP
468,Cherise,Silver
469,Ebony,Elite
470,Lydon,Premium
471,Ema,Silver
472,Christi,Gold
473,Stevy,Elite
474,Rupert,Silver
475,Nicolette,Premium
476,Caresse,Elite
477,Gwyneth,Gold
478,Vanna,VIP
479,Wini,Elite
480,Clarisse,Premium
481,Coralyn,Elite
482,Eadie,VIP
483,Calla,Elite
484,Shaughn,VIP
485,Basil,VIP
486,Huberto,Silver
487,Woody,Elite
488,Natalie,Premium
489,Cletis,VIP
490,Donalt,Premium
491,Salomo,VIP
492,Annmaria,Premium
493,Lisetta,Silver
494,Geri,Silver
495,Theo,Silver
496,Audy,Elite
497,Lynett,Gold
498,Lark,Elite
499,Joli,Elite
500,Diena,VIP
501,Anthia,Elite
502,Retha,VIP
503,Laurice,Premium
504,Derrik,Silver
505,Isaak,VIP
506,Emlynn,VIP
507,Nedda,Gold
508,Tarrah,Silver
509,Linn,Gold
510,Bab,Gold
511,Konrad,VIP
512,Bobbi,VIP
513,Karlis,Silver
514,Arnaldo,Premium
515,Orelle,Premium
516,Kelwin,Elite
517,Nicky,Premium
518,Griffin,Elite
519,Percy,Gold
520,Bertine,VIP
521,Kirby,VIP
522,Durward,Silver
523,Lucita,Premium
524,Denni,Silver
525,Carlyle,Silver
526,Anet,Premium
527,Tabby,Premium
528,Devonna,Silver
529,Janela,Premium
530,Rebbecca,Gold
531,Bail,Premium
532,Torry,Gold
533,Else,Elite
534,Ulick,Silver
535,Dulciana,Premium
536,Timmy,VIP
537,Kassey,Premium
538,Philly,VIP
539,Frasier,Gold
540,Roxanne,Silver
541,Nataniel,Silver
542,Penny,Silver
543,Talbert,VIP
544,Sharlene,Gold
545,Leoline,Premium
546,Rossy,Gold
547,Cirstoforo,Gold
548,Mellisent,Gold
549,Darryl,Premium
550,Beaufort,Silver
551,Si,Elite
552,Pembroke,VIP
553,Theobald,Premium
554,Mario,VIP
555,Sacha,Gold
556,Kirby,Silver
557,Jeffry,Gold
558,Orton,Premium
559,Tedi,Silver
560,Arlen,VIP
561,Bradan,Elite
562,Alwin,VIP
563,Patty,VIP
564,Kaitlyn,Elite
565,Noelyn,Elite
566,Leia,Silver
567,Ephrem,Gold
568,Rainer,VIP
569,Blondy,Premium
570,Wyndham,Silver
571,Rianon,Premium
572,Perry,VIP
573,Donnajean,Silver
574,Dewain,Gold
575,Vivien,Elite
576,Legra,Premium
577,Josepha,VIP
578,Rodrick,Silver
579,Gusella,Gold
580,Arnie,VIP
581,Dionysus,Gold
582,Tate,VIP
583,Arden,Premium
584,Orran,Silver
585,Brooke,VIP
586,Tanhya,Elite
587,Helge,Premium
588,Meta,Gold
589,Bobby,Premium
590,Simone,Premium
591,Dore,Gold
592,Melly,Premium
593,Marita,VIP
594,Laurette,Silver
595,Cristin,VIP
596,Ambrose,Silver
597,Dee dee,Gold
598,Pandora,Gold
599,Lilllie,VIP
600,Mabel,VIP
601,Janie,Gold
602,Alano,Elite
603,Jerry,Elite
604,Zabrina,Premium
605,Giulietta,VIP
606,Neddie,VIP
607,Thomasine,Gold
608,Rene,Silver
609,Jenifer,Gold
610,Clarke,Gold
611,Timmie,Premium
612,Terrye,Silver
613,Una,Silver
614,Alex,Elite
615,Field,Gold
616,Berri,VIP
617,Heidi,Gold
618,Bonnee,VIP
619,Shelton,Gold
620,Grant,Silver
621,Lindi,Gold
622,Karie,VIP
623,Lynett,Premium
624,Verina,Silver
625,Burlie,VIP
626,Tommi,Premium
627,Bethena,Elite
628,Dillie,Gold
629,Diahann,Silver
630,Eddy,Elite
631,Waylon,VIP
632,Joanie,Elite
633,Reeta,Elite
634,Annmarie,Silver
635,Revkah,Premium
636,Maire,Elite
637,Knox,Gold
638,Roxanne,Elite
639,Earl,Premium
640,Brit,Elite
641,Celestia,Silver
642,Amerigo,VIP
643,Hannis,Silver
644,Adan,Silver
645,Tailor,Elite
646,Glenn,Elite
647,Frazier,Elite
648,Cesaro,Gold
649,Wells,Elite
650,Norbie,Silver
651,Kip,VIP
652,Hyacinthe,Gold
653,Melessa,VIP
654,Maritsa,Silver
655,Dillon,VIP
656,Gale,Silver
657,Amble,Elite
658,Town,Gold
659,Emmery,Silver
660,Cleopatra,Elite
661,Seamus,Elite
662,Jody,Silver
663,Benedetta,Gold
664,Darlene,Silver
665,Coral,Elite
666,Obadias,Elite
667,Arlin,VIP
668,Ted,Premium
669,Ulrike,Gold
670,Cacilia,Premium
671,Eydie,Gold
672,Cameron,VIP
673,Yolande,Gold
674,Maude,Premium
675,Brittani,Gold
676,Dionisio,VIP
677,Basilius,Silver
678,Phyllys,Silver
679,Kalle,Elite
680,Adelice,VIP
681,Zandra,Silver
682,Ollie,Silver
683,Buiron,VIP
684,Monty,Silver
685,Lina,VIP
686,Eulalie,Silver
687,Benedict,Gold
688,Had,Elite
689,Atlanta,Gold
690,Rickert,Premium
691,Gretel,VIP
692,Marguerite,Premium
693,Consuela,Gold
694,Lewes,Silver
695,Cale,Premium
696,Darius,VIP
697,Wilma,Gold
698,Nil,Elite
699,Prentiss,Premium
700,Owen,VIP
701,Antony,Elite
702,Ruth,Silver
703,Nedda,Gold
704,Gerrie,Premium
705,Valerye,Elite
706,Rodrigo,Gold
707,Dacia,Elite
708,Kincaid,Silver
709,Elmer,Gold
710,Ranna,Silver
711,Durand,Silver
712,Franz,Gold
713,Mirabelle,Silver
714,Miltie,Gold
715,Gertrude,Gold
716,Hillery,Gold
717,Nikolas,Silver
718,Carlee,VIP
719,Shaun,Gold
720,Randene,VIP
721,Correy,Premium
722,Lorenza,Silver
723,Carlo,Premium
724,Berta,Premium
725,Brenden,VIP
726,Juanita,VIP
727,King,Gold
728,Rollin,Premium
729,Elizabet,Silver
730,Hanna,Gold
731,Seline,VIP
732,Jarred,Elite
733,Marnia,Silver
734,Hedi,Premium
735,Tabbatha,Silver
736,Wildon,VIP
737,Freedman,Gold
738,Stesha,Elite
739,Archibald,Silver
740,Araldo,VIP
741,Burk,Elite
742,Neel,Premium
743,Brynna,VIP
744,Kerry,Premium
745,Lydie,Elite
746,Olav,Gold
747,Kamilah,VIP
748,Annemarie,Elite
749,Rosalinda,VIP
750,Lazaro,Premium
751,Holden,Gold
752,Moises,Gold
753,Briggs,VIP
754,Elvera,Elite
755,Dorthea,Gold
756,Ly,Premium
757,Lurleen,Silver
758,Faythe,VIP
759,Isabelle,Elite
760,Helyn,VIP
761,Nessie,Silver
762,Timothee,Gold
763,Blinni,Elite
764,Borg,VIP
765,Jeniece,Gold
766,Brook,Gold
767,Holly-anne,Premium
768,Adorne,Elite
769,Junie,Silver
770,Glenda,Elite
771,Jaquenette,Premium
772,Reinhold,Elite
773,Clement,Premium
774,Zaccaria,Silver
775,Atlante,VIP
776,Berenice,Elite
777,Damita,VIP
778,Ab,Elite
779,Jaclin,VIP
780,Alleyn,Silver
781,Illa,VIP
782,Mahala,Silver
783,Abra,Elite
784,Page,VIP
785,Rochell,Gold
786,Etan,Silver
787,Sigvard,Gold
788,Magnum,Premium
789,Payton,Elite
790,Inna,Premium
791,Prudy,Gold
792,Clair,Elite
793,Dionisio,Premium
794,Basilius,VIP
795,David,Elite
796,Shae,VIP
797,Lynnette,Gold
798,Celestyna,Gold
799,Fulton,Silver
800,Juliana,Silver
801,Egan,Premium
802,Aldous,Silver
803,Yasmeen,VIP
804,Sibylla,VIP
805,Conant,Premium
806,Giuditta,Silver
807,Kennedy,Gold
808,Clarey,Premium
809,Travers,Premium
810,Julieta,Premium
811,Darrel,Elite
812,Arlyn,Silver
813,Heather,Silver
814,Chickie,Gold
815,Edd,Premium
816,Glyn,Premium
817,Abe,Premium
818,Nessie,VIP
819,Edita,VIP
820,Spenser,VIP
821,Vincents,Elite
822,Felicdad,Gold
823,Ignatius,Silver
824,Tabbitha,VIP
825,Rebe,Elite
826,Paige,Premium
827,Nedi,Premium
828,Linnell,Elite
829,Lucie,Premium
830,Loleta,Silver
831,Charo,Silver
832,Cam,VIP
833,Belia,VIP
834,Ofelia,Elite
835,Casar,Premium
836,Netta,VIP
837,Jeremy,Premium
838,Sheppard,Premium
839,Aylmer,Gold
840,Rachael,VIP
841,Judye,Elite
842,Phelia,Gold
843,Erminia,Silver
844,Seumas,Gold
845,Elenore,Gold
846,Gilberto,Silver
847,Rosco,Premium
848,Constantine,Gold
849,Joellyn,Gold
850,Lisa,VIP
851,Conni,Silver
852,Matt,Elite
853,Birdie,Gold
854,Tobias,Silver
855,La verne,Gold
856,Skippie,Elite
857,Sibelle,Elite
858,Pall,Silver
859,Laurel,Gold
860,Ignace,Silver
861,Nan,Silver
862,Chilton,Silver
863,Claiborne,VIP
864,Zed,VIP
865,Antoni,VIP
866,Adrianna,Silver
867,Kassi,Silver
868,Wallas,VIP
869,Eunice,Silver
870,Oralia,Gold
871,Angelique,Silver
872,Dorian,VIP
873,Shea,Premium
874,Jinny,Gold
875,Minerva,VIP
876,Davida,VIP
877,Kris,Silver
878,Katy,VIP
879,Stanislaw,Premium
880,Lil,VIP
881,Benyamin,Silver
882,Aaren,Silver
883,Prudy,Gold
884,Eugine,VIP
885,Isiahi,Gold
886,Genevra,Elite
887,Erastus,VIP
888,Maxwell,Elite
889,Regan,Premium
890,Claudette,Elite
891,Curry,Premium
892,Paulita,VIP
893,Ripley,Gold
894,Stace,VIP
895,Mohandas,Premium
896,Florance,Premium
897,Lonee,VIP
898,Maje,VIP
899,Corbet,Premium
900,Bengt,Gold
901,Jobie,Premium
902,Toni,VIP
903,Hamlin,Gold
904,Sheffield,Silver
905,Stafford,Elite
906,Vale,Gold
907,Kaia,Silver
908,Vasily,Premium
909,Bev,Gold
910,Fanny,Elite
911,Martie,Elite
912,Marci,Premium
913,Judye,Silver
914,Arlana,Silver
915,Danny,VIP
916,Gram,Gold
917,Adelind,Elite
918,Kandy,VIP
919,Roma,Gold
920,Teodora,Silver
921,Cilka,Silver
922,Borg,Gold
923,Gill,Elite
924,Burg,Premium
925,Ayn,Silver
926,Marabel,VIP
927,Dominica,Premium
928,Catherina,VIP
929,Tedman,Elite
930,Egon,Elite
931,Carrol,VIP
932,Grady,Silver
933,Marnie,Premium
934,Darlene,Gold
935,Ardys,VIP
936,Gilberta,VIP
937,Demetris,Gold
938,Augustina,Premium
939,Collin,Premium
940,Paxon,Gold
941,Annalee,Premium
942,Base,Gold
943,Dorian,Gold
944,Kenton,Silver
945,Naomi,VIP
946,Nickolas,Premium
947,Rachele,VIP
948,Bartlet,Premium
949,Fletch,Premium
950,Alvie,VIP
951,Joly,Gold
952,Lyndsie,VIP
953,Rafaello,VIP
954,Cordy,Elite
955,Leann,Elite
956,Kalvin,Elite
957,Elyssa,Elite
958,Addie,Gold
959,Matthus,Gold
960,Ingrim,VIP
961,Cris,VIP
962,Frieda,Elite
963,Vern,Gold
964,Orelie,VIP
965,Galvan,Premium
966,Chad,VIP
967,Monika,Elite
968,Kalle,Elite
969,Jillayne,Gold
970,Alister,Premium
971,Ariela,Silver
972,Darya,Silver
973,Klara,Premium
974,Lenci,Silver
975,Gwynne,Premium
976,Marlow,Gold
977,Hill,VIP
978,Gates,VIP
979,Ertha,VIP
980,Maudie,Premium
981,Latrena,Elite
982,Deedee,Silver
983,Biddie,Silver
984,Dannye,Gold
985,Elva,Gold
986,Rayna,Premium
987,Menard,Elite
988,Tansy,Silver
989,Othilie,Premium
990,Nicole,Premium
991,Natassia,VIP
992,Dulcinea,VIP
993,Vitia,Elite
994,Tristam,Premium
995,Darci,Premium
996,Roger,Elite
997,Glenden,Premium
998,Cal,VIP
999,Reinold,Silver
1000,Jabez,VIP
